{
  "strategies": {
    "Baseline": {
      "pooled_top5": 0.9175,
      "per_part_accuracy": {
        "0": 0.525,
        "1": 0.6666666666666666,
        "2": 0.358974358974359,
        "3": 0.5833333333333334,
        "4": 0.5952380952380952,
        "5": 0.5813953488372093,
        "6": 0.5128205128205128,
        "7": 0.4722222222222222,
        "8": 0.5454545454545454,
        "9": 0.47058823529411764
      },
      "hard_parts_avg": 0.41559829059829057
    },
    "Extended Features": {
      "pooled_top5": 0.8925,
      "per_part_accuracy": {
        "0": 0.525,
        "1": 0.6333333333333333,
        "2": 0.5641025641025641,
        "3": 0.4166666666666667,
        "4": 0.4523809523809524,
        "5": 0.5581395348837209,
        "6": 0.358974358974359,
        "7": 0.5,
        "8": 0.5454545454545454,
        "9": 0.5490196078431373
      },
      "hard_parts_avg": 0.532051282051282
    },
    "Binary Boost (w=0.5)": {
      "pooled_top5": 0.87,
      "per_part_accuracy": {
        "0": 0.425,
        "1": 0.5666666666666667,
        "2": 0.7948717948717948,
        "3": 0.3611111111111111,
        "4": 0.42857142857142855,
        "5": 0.4418604651162791,
        "6": 0.2564102564102564,
        "7": 0.8333333333333334,
        "8": 0.4318181818181818,
        "9": 0.43137254901960786
      },
      "hard_parts_avg": 0.8141025641025641
    },
    "Ensemble (w=0.3)": {
      "pooled_top5": 0.855,
      "per_part_accuracy": {
        "0": 0.375,
        "1": 0.5,
        "2": 0.8974358974358975,
        "3": 0.3333333333333333,
        "4": 0.40476190476190477,
        "5": 0.4418604651162791,
        "6": 0.23076923076923078,
        "7": 0.8888888888888888,
        "8": 0.4090909090909091,
        "9": 0.39215686274509803
      },
      "hard_parts_avg": 0.8931623931623931
    }
  },
  "best_for_hard_parts": "Ensemble (w=0.3)",
  "best_for_overall": "Baseline",
  "configuration": {
    "extended_lags": [
      90,
      120,
      180
    ],
    "best_boost_factor": 0.5,
    "best_ensemble_weight": 0.3
  }
}