{
  "n_predictions": 1460,
  "test_days": 365,
  "part_stats": {
    "0": {
      "n": 137,
      "top1": 0.10948905109489052,
      "top3": 0.291970802919708,
      "top5": 0.5255474452554745,
      "avg_rank": 5.54014598540146,
      "ci_low": 0.44192975882080876,
      "ci_high": 0.6091651316901402
    },
    "1": {
      "n": 128,
      "top1": 0.0859375,
      "top3": 0.296875,
      "top5": 0.4765625,
      "avg_rank": 5.828125,
      "ci_low": 0.39003713584961097,
      "ci_high": 0.563087864150389
    },
    "2": {
      "n": 156,
      "top1": 0.057692307692307696,
      "top3": 0.21794871794871795,
      "top5": 0.3974358974358974,
      "avg_rank": 6.153846153846154,
      "ci_low": 0.3206416046270285,
      "ci_high": 0.4742301902447663
    },
    "3": {
      "n": 128,
      "top1": 0.0859375,
      "top3": 0.2421875,
      "top5": 0.453125,
      "avg_rank": 5.9140625,
      "ci_low": 0.36688591625353567,
      "ci_high": 0.5393640837464644
    },
    "4": {
      "n": 142,
      "top1": 0.11971830985915492,
      "top3": 0.3591549295774648,
      "top5": 0.6197183098591549,
      "avg_rank": 4.873239436619718,
      "ci_low": 0.5398707275461742,
      "ci_high": 0.6995658921721356
    },
    "5": {
      "n": 160,
      "top1": 0.15625,
      "top3": 0.36875,
      "top5": 0.54375,
      "avg_rank": 5.13125,
      "ci_low": 0.4665713542527792,
      "ci_high": 0.6209286457472207
    },
    "6": {
      "n": 145,
      "top1": 0.06206896551724138,
      "top3": 0.2896551724137931,
      "top5": 0.42758620689655175,
      "avg_rank": 5.875862068965517,
      "ci_low": 0.3470596817549326,
      "ci_high": 0.5081127320381709
    },
    "7": {
      "n": 145,
      "top1": 0.07586206896551724,
      "top3": 0.22758620689655173,
      "top5": 0.4,
      "avg_rank": 6.144827586206897,
      "ci_low": 0.3202597319741927,
      "ci_high": 0.4797402680258073
    },
    "8": {
      "n": 150,
      "top1": 0.08666666666666667,
      "top3": 0.3333333333333333,
      "top5": 0.5733333333333334,
      "avg_rank": 5.326666666666667,
      "ci_low": 0.49418197078920156,
      "ci_high": 0.6524846958774652
    },
    "9": {
      "n": 169,
      "top1": 0.08875739644970414,
      "top3": 0.2958579881656805,
      "top5": 0.5562130177514792,
      "avg_rank": 5.3017751479289945,
      "ci_low": 0.48130633358547226,
      "ci_high": 0.6311197019174862
    }
  },
  "position_stats": {
    "QS1": {
      "n": 365,
      "top1": 0.0958904109589041,
      "top3": 0.2684931506849315,
      "top5": 0.473972602739726,
      "avg_rank": 5.63013698630137,
      "ci_low": 0.42274660327958263,
      "ci_high": 0.5251986021998695
    },
    "QS2": {
      "n": 365,
      "top1": 0.08767123287671233,
      "top3": 0.31232876712328766,
      "top5": 0.5013698630136987,
      "avg_rank": 5.632876712328767,
      "ci_low": 0.45007451111492874,
      "ci_high": 0.5526652149124686
    },
    "QS3": {
      "n": 365,
      "top1": 0.0958904109589041,
      "top3": 0.32602739726027397,
      "top5": 0.5424657534246575,
      "avg_rank": 5.419178082191781,
      "ci_low": 0.4913555504855453,
      "ci_high": 0.5935759563637697
    },
    "QS4": {
      "n": 365,
      "top1": 0.09315068493150686,
      "top3": 0.26575342465753427,
      "top5": 0.4767123287671233,
      "avg_rank": 5.7095890410958905,
      "ci_low": 0.4254724513098516,
      "ci_high": 0.527952206224395
    }
  },
  "interaction": {
    "QS1": {
      "0": {
        "n": 36,
        "top5": 0.5833333333333334
      },
      "1": {
        "n": 42,
        "top5": 0.40476190476190477
      },
      "2": {
        "n": 39,
        "top5": 0.3076923076923077
      },
      "3": {
        "n": 27,
        "top5": 0.3333333333333333
      },
      "4": {
        "n": 36,
        "top5": 0.5833333333333334
      },
      "5": {
        "n": 35,
        "top5": 0.5428571428571428
      },
      "6": {
        "n": 34,
        "top5": 0.4117647058823529
      },
      "7": {
        "n": 38,
        "top5": 0.5263157894736842
      },
      "8": {
        "n": 33,
        "top5": 0.5151515151515151
      },
      "9": {
        "n": 45,
        "top5": 0.5111111111111111
      }
    },
    "QS2": {
      "0": {
        "n": 28,
        "top5": 0.5357142857142857
      },
      "1": {
        "n": 32,
        "top5": 0.625
      },
      "2": {
        "n": 45,
        "top5": 0.4
      },
      "3": {
        "n": 33,
        "top5": 0.5151515151515151
      },
      "4": {
        "n": 37,
        "top5": 0.6216216216216216
      },
      "5": {
        "n": 40,
        "top5": 0.575
      },
      "6": {
        "n": 33,
        "top5": 0.45454545454545453
      },
      "7": {
        "n": 40,
        "top5": 0.3
      },
      "8": {
        "n": 32,
        "top5": 0.46875
      },
      "9": {
        "n": 45,
        "top5": 0.5555555555555556
      }
    },
    "QS3": {
      "0": {
        "n": 32,
        "top5": 0.46875
      },
      "1": {
        "n": 29,
        "top5": 0.41379310344827586
      },
      "2": {
        "n": 41,
        "top5": 0.4878048780487805
      },
      "3": {
        "n": 34,
        "top5": 0.4411764705882353
      },
      "4": {
        "n": 36,
        "top5": 0.6111111111111112
      },
      "5": {
        "n": 52,
        "top5": 0.5769230769230769
      },
      "6": {
        "n": 37,
        "top5": 0.5135135135135135
      },
      "7": {
        "n": 27,
        "top5": 0.5925925925925926
      },
      "8": {
        "n": 44,
        "top5": 0.6136363636363636
      },
      "9": {
        "n": 33,
        "top5": 0.6666666666666666
      }
    },
    "QS4": {
      "0": {
        "n": 41,
        "top5": 0.5121951219512195
      },
      "1": {
        "n": 25,
        "top5": 0.48
      },
      "2": {
        "n": 31,
        "top5": 0.3870967741935484
      },
      "3": {
        "n": 34,
        "top5": 0.5
      },
      "4": {
        "n": 33,
        "top5": 0.6666666666666666
      },
      "5": {
        "n": 33,
        "top5": 0.45454545454545453
      },
      "6": {
        "n": 41,
        "top5": 0.34146341463414637
      },
      "7": {
        "n": 40,
        "top5": 0.25
      },
      "8": {
        "n": 41,
        "top5": 0.6585365853658537
      },
      "9": {
        "n": 46,
        "top5": 0.5217391304347826
      }
    }
  },
  "part_ranking": [
    4,
    8,
    9,
    5,
    0,
    1,
    3,
    6,
    7,
    2
  ],
  "position_ranking": [
    "QS3",
    "QS2",
    "QS4",
    "QS1"
  ]
}