{
  "class_distribution": {
    "holdout": {
      "0": 40,
      "1": 30,
      "2": 39,
      "3": 36,
      "4": 42,
      "5": 43,
      "6": 39,
      "7": 36,
      "8": 44,
      "9": 51
    },
    "train": {
      "0": 2498,
      "1": 2505,
      "2": 2434,
      "3": 2461,
      "4": 2541,
      "5": 2549,
      "6": 2472,
      "7": 2395,
      "8": 2513,
      "9": 2488
    }
  },
  "part_stats": {
    "0": {
      "count": 40,
      "top1_acc": 0.075,
      "top3_acc": 0.275,
      "top5_acc": 0.525,
      "avg_rank": 5.3,
      "avg_prob": 0.09818176804117609
    },
    "1": {
      "count": 30,
      "top1_acc": 0.1,
      "top3_acc": 0.4,
      "top5_acc": 0.6666666666666666,
      "avg_rank": 4.6,
      "avg_prob": 0.1054833199837147
    },
    "2": {
      "count": 39,
      "top1_acc": 0.05128205128205128,
      "top3_acc": 0.23076923076923078,
      "top5_acc": 0.358974358974359,
      "avg_rank": 6.230769230769231,
      "avg_prob": 0.0905532777954066
    },
    "3": {
      "count": 36,
      "top1_acc": 0.08333333333333333,
      "top3_acc": 0.3611111111111111,
      "top5_acc": 0.5833333333333334,
      "avg_rank": 4.944444444444445,
      "avg_prob": 0.10586836465926235
    },
    "4": {
      "count": 42,
      "top1_acc": 0.11904761904761904,
      "top3_acc": 0.38095238095238093,
      "top5_acc": 0.5952380952380952,
      "avg_rank": 4.904761904761905,
      "avg_prob": 0.10134061259982136
    },
    "5": {
      "count": 43,
      "top1_acc": 0.11627906976744186,
      "top3_acc": 0.3488372093023256,
      "top5_acc": 0.5813953488372093,
      "avg_rank": 5.1395348837209305,
      "avg_prob": 0.10414751676763435
    },
    "6": {
      "count": 39,
      "top1_acc": 0.07692307692307693,
      "top3_acc": 0.2564102564102564,
      "top5_acc": 0.5128205128205128,
      "avg_rank": 5.666666666666667,
      "avg_prob": 0.09718924631356975
    },
    "7": {
      "count": 36,
      "top1_acc": 0.08333333333333333,
      "top3_acc": 0.25,
      "top5_acc": 0.4722222222222222,
      "avg_rank": 5.861111111111111,
      "avg_prob": 0.10116333779462977
    },
    "8": {
      "count": 44,
      "top1_acc": 0.09090909090909091,
      "top3_acc": 0.25,
      "top5_acc": 0.5454545454545454,
      "avg_rank": 5.363636363636363,
      "avg_prob": 0.09730341366008453
    },
    "9": {
      "count": 51,
      "top1_acc": 0.17647058823529413,
      "top3_acc": 0.3333333333333333,
      "top5_acc": 0.47058823529411764,
      "avg_rank": 5.215686274509804,
      "avg_prob": 0.10854420961775732
    }
  },
  "position_stats": {
    "QS1": {
      "top1_acc": 0.09,
      "top3_acc": 0.31,
      "top5_acc": 0.52,
      "avg_rank": 5.4,
      "avg_conf": 0.17228002318238222
    },
    "QS2": {
      "top1_acc": 0.07,
      "top3_acc": 0.25,
      "top5_acc": 0.48,
      "avg_rank": 5.74,
      "avg_conf": 0.19752995900183531
    },
    "QS3": {
      "top1_acc": 0.14,
      "top3_acc": 0.41,
      "top5_acc": 0.56,
      "avg_rank": 4.9,
      "avg_conf": 0.17741567390506233
    },
    "QS4": {
      "top1_acc": 0.1,
      "top3_acc": 0.26,
      "top5_acc": 0.55,
      "avg_rank": 5.28,
      "avg_conf": 0.2005491844673982
    }
  },
  "part_ranking": [
    1,
    4,
    3,
    5,
    8,
    0,
    6,
    7,
    9,
    2
  ],
  "position_ranking": [
    "QS3",
    "QS4",
    "QS1",
    "QS2"
  ],
  "confusion_top15": [
    {
      "actual": 4,
      "predicted": 1,
      "count": 10
    },
    {
      "actual": 3,
      "predicted": 9,
      "count": 8
    },
    {
      "actual": 6,
      "predicted": 3,
      "count": 8
    },
    {
      "actual": 0,
      "predicted": 8,
      "count": 8
    },
    {
      "actual": 8,
      "predicted": 6,
      "count": 8
    },
    {
      "actual": 9,
      "predicted": 6,
      "count": 7
    },
    {
      "actual": 2,
      "predicted": 1,
      "count": 7
    },
    {
      "actual": 8,
      "predicted": 4,
      "count": 7
    },
    {
      "actual": 0,
      "predicted": 2,
      "count": 7
    },
    {
      "actual": 5,
      "predicted": 0,
      "count": 7
    },
    {
      "actual": 9,
      "predicted": 2,
      "count": 6
    },
    {
      "actual": 3,
      "predicted": 7,
      "count": 6
    },
    {
      "actual": 5,
      "predicted": 1,
      "count": 6
    },
    {
      "actual": 9,
      "predicted": 1,
      "count": 6
    },
    {
      "actual": 5,
      "predicted": 9,
      "count": 6
    }
  ]
}