policy,k,coverage,expected_cost,parts_shipped_per_day,downtime_risk
Top-1 Ship,1,0.09520547945205478,601.9246575342465,1,0.9047945205479452
Top-3 Staging,3,0.2897260273972602,588.5000000000001,3,0.7102739726027398
Top-5 Staging,5,0.4876712328767123,504.98630136986304,5,0.5123287671232877
Top-7 Staging,7,0.691095890410959,384.9246575342465,7,0.308904109589041
