{
  "window_size_days": 60,
  "n_windows": 6,
  "part_stability": {
    "0": {
      "mean": 0.5187458435284523,
      "std": 0.04932402900043891,
      "cv": 0.09508322739502312,
      "stable": 